<?xml version="1.0"?>
<addon scheme="3.0">
    <id>zatesystem_vendor_payout</id>
    <version>1.0</version>
    <priority>100</priority>
    <position>0</position>
    <status>active</status>
    <has_icon>Y</has_icon>
    <default_language>en</default_language>
    
    <settings>
        <sections>
            <section id="general">
                <items>
                    <item id="encryption_key">
                        <type>text</type>
                        <default_value></default_value>
                    </item>
                    <item id="require_verification">
                        <type>checkbox</type>
                        <default_value>Y</default_value>
                    </item>
                    <item id="minimum_payout">
                        <type>text</type>
                        <default_value>100</default_value>
                    </item>
                    <item id="auto_payout">
                        <type>checkbox</type>
                        <default_value>N</default_value>
                    </item>
                    <item id="require_2fa">
                        <name>Require 2FA for Large Payouts</name>
                        <type>checkbox</type>
                        <default_value>Y</default_value>
                    </item>
                    <item id="large_payout_amount">
                        <name>Large Payout Threshold</name>
                        <type>text</type>
                        <default_value>10000</default_value>
                    </item>
                </items>
            </section>
        </sections>
    </settings>

    <queries>
        <!-- Bank Details Table -->
        <item for="install">
            CREATE TABLE IF NOT EXISTS ?:zatesystem_vendor_payout_bank_details (
                detail_id int(11) unsigned NOT NULL auto_increment,
                vendor_id int(11) unsigned NOT NULL,
                bank_name varchar(255) NOT NULL,
                account_holder varchar(255) NOT NULL,
                account_number varchar(255) NOT NULL,
                swift_code varchar(50) NOT NULL,
                iban varchar(50) DEFAULT NULL,
                branch_name varchar(255) NOT NULL,
                bank_address text NOT NULL,
                status char(1) NOT NULL default 'P',
                is_default char(1) NOT NULL default 'N',
                created_at int(11) unsigned NOT NULL,
                updated_at int(11) unsigned NOT NULL,
                verified_at int(11) unsigned DEFAULT NULL,
                verified_by int(11) unsigned DEFAULT NULL,
                verification_notes text DEFAULT NULL,
                PRIMARY KEY (detail_id),
                KEY vendor_id (vendor_id),
                KEY status (status)
            ) Engine=InnoDB DEFAULT CHARSET UTF8;
        </item>

        <!-- Payouts Table -->
        <item for="install">
            CREATE TABLE IF NOT EXISTS ?:zatesystem_vendor_payout_main (
                payout_id int(11) unsigned NOT NULL auto_increment,
                vendor_id int(11) unsigned NOT NULL,
                bank_details_id int(11) unsigned NOT NULL,
                payout_amount decimal(12,2) NOT NULL default '0.00',
                status char(1) NOT NULL default 'P',
                notes text,
                created_at int(11) unsigned NOT NULL,
                processed_at int(11) unsigned DEFAULT NULL,
                processed_by int(11) unsigned DEFAULT NULL,
                PRIMARY KEY (payout_id),
                KEY vendor_id (vendor_id),
                KEY status (status),
                KEY bank_details_id (bank_details_id),
                CONSTRAINT fk_zatesystem_bank_details 
                    FOREIGN KEY (bank_details_id) 
                    REFERENCES ?:zatesystem_vendor_payout_bank_details(detail_id)
                    ON DELETE RESTRICT
            ) Engine=InnoDB DEFAULT CHARSET UTF8;
        </item>

        <!-- Payout History Table -->
        <item for="install">
            CREATE TABLE IF NOT EXISTS ?:zatesystem_vendor_payout_history (
                history_id int(11) unsigned NOT NULL auto_increment,
                payout_id int(11) unsigned NOT NULL,
                status char(1) NOT NULL,
                notes text,
                user_id int(11) unsigned NOT NULL,
                timestamp int(11) unsigned NOT NULL,
                PRIMARY KEY (history_id),
                KEY payout_id (payout_id)
            ) Engine=InnoDB DEFAULT CHARSET UTF8;
        </item>

        <!-- Cleanup on uninstall -->
        <item for="uninstall">DROP TABLE IF EXISTS ?:zatesystem_vendor_payout_history;</item>
        <item for="uninstall">DROP TABLE IF EXISTS ?:zatesystem_vendor_payout_main;</item>
        <item for="uninstall">DROP TABLE IF EXISTS ?:zatesystem_vendor_payout_bank_details;</item>
    </queries>

    <functions>
        <item for="install">fn_zatesystem_vendor_payout_install</item>
        <item for="uninstall">fn_zatesystem_vendor_payout_uninstall</item>
    </functions>

    <!-- Menu Schema -->
    <menu>
        <item>
            <item_id>vendor_payouts</item_id>
            <parent_id>vendors</parent_id>
            <position>900</position>
            <href>vendor_payouts.manage</href>
            <title>Vendor Payouts</title>
            <subitems>
                <item>
                    <item_id>manage_payouts</item_id>
                    <href>vendor_payouts.manage</href>
                    <title>Manage Payouts</title>
                    <position>100</position>
                </item>
                <item>
                    <item_id>bank_details</item_id>
                    <href>vendor_payouts.bank_details</href>
                    <title>Bank Details</title>
                    <position>200</position>
                </item>
            </subitems>
        </item>
    </menu>

    <!-- Balance Calculation Schema -->
    <balance_calculation>
        <order_commission>
            <type>plus</type>
            <callback>fn_zatesystem_vendor_payout_get_order_commission</callback>
        </order_commission>
        <payouts>
            <type>minus</type>
            <callback>fn_zatesystem_vendor_payout_get_processed_payouts</callback>
        </payouts>
        <refunds>
            <type>minus</type>
            <callback>fn_zatesystem_vendor_payout_get_refunds</callback>
        </refunds>
    </balance_calculation>
</addon> 